Name,Min_Bet,Volatility,Bonus_Frequency,RTP,Recommended_Denomination,Has_Bonus,Advantage_Play_Potential,Best_Casino_Type,Bonus_Trigger_Clues,Tips
Cleopatra,0.34,1,0.6072906174014367,91.09,2¢,Yes,Low,Local,Watch for stacked wilds,Stick to 5¢ denom if bankroll allows.
Buffalo Gold,0.54,3,0.3980660647643183,90.86,10¢,No,Medium,Local,None,Stick to 5¢ denom if bankroll allows.
Quick Hit Platinum,0.67,3,0.6146843926101939,90.44,2¢,No,Medium,Downtown,Look for rising meters,Play when bonus frequency is high.
Lightning Link,0.8,5,0.5797325111306801,90.7,1¢,Yes,High,Resort,High progressive amounts,Play when bonus frequency is high.
Dragon Link,0.65,4,0.3446304991272151,95.46,25¢,Yes,Medium,Local,Frequent scatter hits,Bet low and wait for activity.
Miss Kitty,0.77,3,0.6822854499896368,88.67,10¢,Yes,Low,Local,None,Bet low and wait for activity.
88 Fortunes,0.47,4,0.6409039633571447,96.41,1¢,No,Low,Local,Watch for stacked wilds,Use overlapping patterns.
Wheel of Fortune,0.59,2,0.4505480587302041,92.45,10¢,No,High,Downtown,Bonus symbols appearing often,Play when bonus frequency is high.
Wonder 4 Boost,0.96,1,0.3877223890007722,88.58,5¢,Yes,Medium,Downtown,Frequent scatter hits,Use overlapping patterns.
Whales of Cash,0.43,4,0.5902812311186534,91.7,1¢,Yes,Medium,Local,Frequent scatter hits,Bet low and wait for activity.
Caveman Keno,0.74,3,0.6231852639008494,92.43,25¢,Yes,Low,Downtown,Look for rising meters,Stick to 5¢ denom if bankroll allows.
Cleopatra Keno,0.84,1,0.3768897565449569,95.89,5¢,No,High,Local,None,Play when bonus frequency is high.
Multi-Card Keno,0.69,5,0.5232589725214294,91.91,25¢,No,High,Downtown,Frequent scatter hits,Use overlapping patterns.
Super Times Pay Poker,0.87,4,0.128696442157048,95.76,10¢,No,Low,Downtown,Bonus symbols appearing often,Avoid if no bonus symbols in 10 spins.
Jacks or Better,0.68,5,0.2001281759981721,90.93,2¢,No,Medium,Local,None,Look for progressive meters before playing.
Double Double Bonus Poker,0.84,2,0.685999131128407,95.17,1¢,No,High,Downtown,High progressive amounts,Bet low and wait for activity.
Deuces Wild,0.64,1,0.3860075423656794,92.65,2¢,Yes,High,Resort,None,Look for progressive meters before playing.
Triple Double Bonus Poker,0.36,1,0.181489465135711,93.38,2¢,Yes,High,Local,Watch for stacked wilds,Avoid if no bonus symbols in 10 spins.
Ultimate X Poker,0.82,5,0.4451708929227683,96.4,2¢,No,High,Local,Look for rising meters,Play when bonus frequency is high.
Top Dollar,0.65,1,0.563575337987732,94.77,2¢,Yes,Low,Local,Bonus symbols appearing often,Stick to 5¢ denom if bankroll allows.
Pinball Slots,0.61,2,0.1384209748333361,89.67,25¢,Yes,Low,Resort,Watch for stacked wilds,Stick to 5¢ denom if bankroll allows.
Stinkin’ Rich,0.96,2,0.2917090081686057,97.16,5¢,Yes,High,Downtown,Look for rising meters,Play when bonus frequency is high.
Zeus III,0.24,1,0.5686882148820639,91.99,10¢,Yes,High,Downtown,Watch for stacked wilds,Look for progressive meters before playing.
Monopoly Slots,0.23,5,0.3105060771766039,94.71,25¢,Yes,Low,Downtown,Watch for stacked wilds,Avoid if no bonus symbols in 10 spins.
Dancing Drums,0.8,2,0.6075088238448053,89.34,10¢,No,Medium,Resort,Frequent scatter hits,Use overlapping patterns.
Fu Dao Le,0.42,5,0.4595346157593616,90.13,5¢,No,High,Downtown,None,Look for progressive meters before playing.
Ocean Magic,0.67,3,0.7692076469248403,96.56,5¢,Yes,Low,Downtown,None,Avoid if no bonus symbols in 10 spins.
Da Vinci Diamonds,0.6,1,0.7534966710291342,95.33,5¢,Yes,Low,Downtown,Watch for stacked wilds,Play when bonus frequency is high.
Golden Egypt,0.35,1,0.5095803633267266,88.74,1¢,Yes,High,Resort,High progressive amounts,Avoid if no bonus symbols in 10 spins.
Lucky Larry’s Lobstermania,0.7,4,0.3335576517338057,88.77,5¢,No,Low,Local,None,Stick to 5¢ denom if bankroll allows.
5 Dragons,0.76,4,0.3781165384323934,93.48,10¢,Yes,Low,Local,Look for rising meters,Stick to 5¢ denom if bankroll allows.
Raging Rhino,0.39,5,0.508528449867445,95.96,5¢,No,Medium,Downtown,High progressive amounts,Look for progressive meters before playing.
Loteria,0.22,3,0.6966001830206601,88.4,1¢,No,Medium,Resort,Look for rising meters,Stick to 5¢ denom if bankroll allows.
China Shores,0.58,3,0.3495334629777222,92.89,2¢,Yes,High,Local,Watch for stacked wilds,Play when bonus frequency is high.
Spartacus,0.41,2,0.1083068987639807,96.99,10¢,No,Low,Downtown,High progressive amounts,Avoid if no bonus symbols in 10 spins.
Fireball Keno,0.4,4,0.7851047759315319,97.21,25¢,No,High,Resort,High progressive amounts,Avoid if no bonus symbols in 10 spins.
Power Keno,0.77,5,0.2658633932312305,89.66,25¢,No,Medium,Local,Look for rising meters,Avoid if no bonus symbols in 10 spins.
Caveman Plus,0.42,5,0.4108174535634207,93.28,10¢,Yes,Low,Resort,Frequent scatter hits,Use overlapping patterns.
Triple Fortune Dragon,0.23,4,0.2236367556809003,94.12,2¢,Yes,Medium,Downtown,None,Use overlapping patterns.
Triple Stars,0.97,5,0.1061501469460475,91.7,10¢,No,Medium,Downtown,High progressive amounts,Use overlapping patterns.
Money Storm,0.68,3,0.4355319600641618,88.41,1¢,Yes,Medium,Resort,None,Look for progressive meters before playing.
Texas Tea,0.73,4,0.6756156622234331,88.3,1¢,Yes,Low,Downtown,High progressive amounts,Avoid if no bonus symbols in 10 spins.
Colossal Reels,0.67,1,0.2615232514060592,91.8,5¢,No,High,Downtown,High progressive amounts,Look for progressive meters before playing.
Super Jackpot Party,0.61,2,0.7314172374281864,90.7,10¢,No,Low,Local,Frequent scatter hits,Look for progressive meters before playing.
Diamond Queen,0.47,2,0.7543539820574199,95.8,1¢,Yes,Medium,Local,Watch for stacked wilds,Stick to 5¢ denom if bankroll allows.
Hot Roll Poker,0.95,2,0.1136287536683643,90.45,5¢,Yes,Low,Downtown,None,Look for progressive meters before playing.
All Star Poker,0.49,3,0.1868145679004826,94.86,5¢,Yes,Medium,Local,Frequent scatter hits,Bet low and wait for activity.
Ultimate Fire Link,0.51,3,0.554541984181534,92.02,25¢,Yes,High,Downtown,High progressive amounts,Bet low and wait for activity.
Vampire Embrace,0.58,5,0.5393269987518888,94.74,25¢,Yes,High,Local,Bonus symbols appearing often,Avoid if no bonus symbols in 10 spins.
Gold Stacks 88,0.23,3,0.4289494654600613,94.06,25¢,No,Medium,Local,Watch for stacked wilds,Look for progressive meters before playing.
Coin Combo,0.57,1,0.3077586107717888,95.48,2¢,Yes,Medium,Local,High progressive amounts,Stick to 5¢ denom if bankroll allows.
Cash Express Luxury Line,0.65,3,0.4906039226966426,94.64,2¢,No,Low,Resort,High progressive amounts,Play when bonus frequency is high.
Magic Pearl,0.39,1,0.4047063640685671,89.24,5¢,No,High,Local,High progressive amounts,Stick to 5¢ denom if bankroll allows.
Buffalo Chief,0.82,4,0.4924625916597568,92.31,1¢,No,Low,Resort,None,Stick to 5¢ denom if bankroll allows.
Monopoly Money Grab,0.44,5,0.7803294143162293,88.79,25¢,Yes,High,Resort,High progressive amounts,Use overlapping patterns.
Tarzan,0.48,4,0.4459416818927237,95.62,2¢,Yes,High,Resort,Bonus symbols appearing often,Use overlapping patterns.
Big Bang Theory Slots,0.93,4,0.219666432916716,97.43,5¢,Yes,Low,Resort,Watch for stacked wilds,Stick to 5¢ denom if bankroll allows.
Friends Slots,0.76,2,0.510703080557595,88.81,25¢,Yes,Low,Resort,Look for rising meters,Bet low and wait for activity.
Siberian Storm,0.69,3,0.2188277157673031,94.16,10¢,No,Low,Downtown,Watch for stacked wilds,Avoid if no bonus symbols in 10 spins.
